"country","iso2c","year","PropReport"
"Andorra","AD",1990,0
"Andorra","AD",1991,0
"Andorra","AD",1992,0
"Andorra","AD",1993,0
"Andorra","AD",1994,0
"Andorra","AD",1995,0
"Andorra","AD",1996,0
"Andorra","AD",1997,0
"Andorra","AD",1998,0
"Andorra","AD",1999,0
"Andorra","AD",2000,0
"Andorra","AD",2001,0
"Andorra","AD",2002,0
"Andorra","AD",2003,0
"Andorra","AD",2004,0
"Andorra","AD",2005,0
"Andorra","AD",2006,0
"Andorra","AD",2007,0
"Andorra","AD",2008,0
"Andorra","AD",2009,0
"Andorra","AD",2010,0
"Andorra","AD",2011,0
"Andorra","AD",2012,0
"Argentina","AR",1990,0.166666666666667
"Argentina","AR",1991,0.166666666666667
"Argentina","AR",1992,0.166666666666667
"Argentina","AR",1993,0.166666666666667
"Argentina","AR",1994,0.166666666666667
"Argentina","AR",1995,0.166666666666667
"Argentina","AR",1996,0.166666666666667
"Argentina","AR",1997,0.166666666666667
"Argentina","AR",1998,0.166666666666667
"Argentina","AR",1999,0.166666666666667
"Argentina","AR",2000,0.166666666666667
"Argentina","AR",2001,0.166666666666667
"Argentina","AR",2002,0.833333333333333
"Argentina","AR",2003,0.833333333333333
"Argentina","AR",2004,0.833333333333333
"Argentina","AR",2005,0.166666666666667
"Argentina","AR",2006,0.166666666666667
"Argentina","AR",2007,0.166666666666667
"Argentina","AR",2008,0.166666666666667
"Argentina","AR",2009,0.166666666666667
"Argentina","AR",2010,0.166666666666667
"Argentina","AR",2011,0.166666666666667
"Argentina","AR",2012,0.166666666666667
"Aruba","AW",1990,0
"Aruba","AW",1991,0
"Aruba","AW",1992,0
"Aruba","AW",1993,0
"Aruba","AW",1994,0.166666666666667
"Aruba","AW",1995,0.166666666666667
"Aruba","AW",1996,0.166666666666667
"Aruba","AW",1997,0.166666666666667
"Aruba","AW",1998,0.166666666666667
"Aruba","AW",1999,0.166666666666667
"Aruba","AW",2000,0.166666666666667
"Aruba","AW",2001,0.166666666666667
"Aruba","AW",2002,0.166666666666667
"Aruba","AW",2003,0.166666666666667
"Aruba","AW",2004,0.166666666666667
"Aruba","AW",2005,0.166666666666667
"Aruba","AW",2006,0.166666666666667
"Aruba","AW",2007,0.166666666666667
"Aruba","AW",2008,0.166666666666667
"Aruba","AW",2009,0.166666666666667
"Aruba","AW",2010,0.166666666666667
"Aruba","AW",2011,0.166666666666667
"Aruba","AW",2012,0
"Australia","AU",1990,0.166666666666667
"Australia","AU",1991,0.166666666666667
"Australia","AU",1992,0.166666666666667
"Australia","AU",1993,0.166666666666667
"Australia","AU",1994,0.166666666666667
"Australia","AU",1995,0.166666666666667
"Australia","AU",1996,0.166666666666667
"Australia","AU",1997,0.166666666666667
"Australia","AU",1998,0.166666666666667
"Australia","AU",1999,1
"Australia","AU",2000,1
"Australia","AU",2001,1
"Australia","AU",2002,1
"Australia","AU",2003,1
"Australia","AU",2004,1
"Australia","AU",2005,1
"Australia","AU",2006,1
"Australia","AU",2007,1
"Australia","AU",2008,1
"Australia","AU",2009,1
"Australia","AU",2010,1
"Australia","AU",2011,1
"Australia","AU",2012,1
"Austria","AT",1990,0.166666666666667
"Austria","AT",1991,0.166666666666667
"Austria","AT",1992,0.166666666666667
"Austria","AT",1993,0.166666666666667
"Austria","AT",1994,0.166666666666667
"Austria","AT",1995,1
"Austria","AT",1996,1
"Austria","AT",1997,1
"Austria","AT",1998,0.833333333333333
"Austria","AT",1999,1
"Austria","AT",2000,1
"Austria","AT",2001,1
"Austria","AT",2002,1
"Austria","AT",2003,1
"Austria","AT",2004,1
"Austria","AT",2005,1
"Austria","AT",2006,1
"Austria","AT",2007,1
"Austria","AT",2008,1
"Austria","AT",2009,1
"Austria","AT",2010,1
"Austria","AT",2011,1
"Austria","AT",2012,1
"Bahamas","BS",1990,1
"Bahamas","BS",1991,1
"Bahamas","BS",1992,1
"Bahamas","BS",1993,1
"Bahamas","BS",1994,1
"Bahamas","BS",1995,1
"Bahamas","BS",1996,1
"Bahamas","BS",1997,1
"Bahamas","BS",1998,1
"Bahamas","BS",1999,1
"Bahamas","BS",2000,1
"Bahamas","BS",2001,0.833333333333333
"Bahamas","BS",2002,0.833333333333333
"Bahamas","BS",2003,0.833333333333333
"Bahamas","BS",2004,0.833333333333333
"Bahamas","BS",2005,0.833333333333333
"Bahamas","BS",2006,1
"Bahamas","BS",2007,1
"Bahamas","BS",2008,1
"Bahamas","BS",2009,1
"Bahamas","BS",2010,1
"Bahamas","BS",2011,1
"Bahamas","BS",2012,1
"Bahrain","BH",1990,0.166666666666667
"Bahrain","BH",1991,0.166666666666667
"Bahrain","BH",1992,0.166666666666667
"Bahrain","BH",1993,0.166666666666667
"Bahrain","BH",1994,0.166666666666667
"Bahrain","BH",1995,0.166666666666667
"Bahrain","BH",1996,0.166666666666667
"Bahrain","BH",1997,0.166666666666667
"Bahrain","BH",1998,0.166666666666667
"Bahrain","BH",1999,0.166666666666667
"Bahrain","BH",2000,0.166666666666667
"Bahrain","BH",2001,0.166666666666667
"Bahrain","BH",2002,0.166666666666667
"Bahrain","BH",2003,0.166666666666667
"Bahrain","BH",2004,0.166666666666667
"Bahrain","BH",2005,0.166666666666667
"Bahrain","BH",2006,0.166666666666667
"Bahrain","BH",2007,1
"Bahrain","BH",2008,1
"Bahrain","BH",2009,1
"Bahrain","BH",2010,1
"Bahrain","BH",2011,1
"Bahrain","BH",2012,0.166666666666667
"Barbados","BB",1990,0.166666666666667
"Barbados","BB",1991,0.166666666666667
"Barbados","BB",1992,0.166666666666667
"Barbados","BB",1993,0.166666666666667
"Barbados","BB",1994,0.166666666666667
"Barbados","BB",1995,0.166666666666667
"Barbados","BB",1996,0.166666666666667
"Barbados","BB",1997,0.166666666666667
"Barbados","BB",1998,0.166666666666667
"Barbados","BB",1999,0.166666666666667
"Barbados","BB",2000,0.166666666666667
"Barbados","BB",2001,0.166666666666667
"Barbados","BB",2002,0.166666666666667
"Barbados","BB",2003,0.166666666666667
"Barbados","BB",2004,0.166666666666667
"Barbados","BB",2005,0.166666666666667
"Barbados","BB",2006,0.166666666666667
"Barbados","BB",2007,1
"Barbados","BB",2008,1
"Barbados","BB",2009,1
"Barbados","BB",2010,0.833333333333333
"Barbados","BB",2011,0
"Barbados","BB",2012,0
"Belgium","BE",1990,0.166666666666667
"Belgium","BE",1991,0.166666666666667
"Belgium","BE",1992,0.166666666666667
"Belgium","BE",1993,0.166666666666667
"Belgium","BE",1994,0.166666666666667
"Belgium","BE",1995,1
"Belgium","BE",1996,1
"Belgium","BE",1997,1
"Belgium","BE",1998,0.833333333333333
"Belgium","BE",1999,1
"Belgium","BE",2000,1
"Belgium","BE",2001,1
"Belgium","BE",2002,1
"Belgium","BE",2003,1
"Belgium","BE",2004,1
"Belgium","BE",2005,1
"Belgium","BE",2006,1
"Belgium","BE",2007,1
"Belgium","BE",2008,1
"Belgium","BE",2009,1
"Belgium","BE",2010,1
"Belgium","BE",2011,1
"Belgium","BE",2012,1
"Bermuda","BM",1990,0
"Bermuda","BM",1991,0
"Bermuda","BM",1992,0
"Bermuda","BM",1993,0
"Bermuda","BM",1994,0
"Bermuda","BM",1995,0
"Bermuda","BM",1996,0
"Bermuda","BM",1997,0
"Bermuda","BM",1998,0
"Bermuda","BM",1999,0
"Bermuda","BM",2000,0
"Bermuda","BM",2001,0
"Bermuda","BM",2002,0
"Bermuda","BM",2003,0
"Bermuda","BM",2004,0
"Bermuda","BM",2005,0
"Bermuda","BM",2006,0
"Bermuda","BM",2007,0
"Bermuda","BM",2008,0
"Bermuda","BM",2009,0
"Bermuda","BM",2010,0
"Bermuda","BM",2011,0
"Bermuda","BM",2012,0
"Brazil","BR",1990,0.833333333333333
"Brazil","BR",1991,0.833333333333333
"Brazil","BR",1992,0.833333333333333
"Brazil","BR",1993,0.833333333333333
"Brazil","BR",1994,0.833333333333333
"Brazil","BR",1995,0.166666666666667
"Brazil","BR",1996,0.166666666666667
"Brazil","BR",1997,0.833333333333333
"Brazil","BR",1998,0.833333333333333
"Brazil","BR",1999,0.833333333333333
"Brazil","BR",2000,0.833333333333333
"Brazil","BR",2001,0.833333333333333
"Brazil","BR",2002,0.833333333333333
"Brazil","BR",2003,0.833333333333333
"Brazil","BR",2004,0.833333333333333
"Brazil","BR",2005,0.833333333333333
"Brazil","BR",2006,0.833333333333333
"Brazil","BR",2007,0.833333333333333
"Brazil","BR",2008,0.833333333333333
"Brazil","BR",2009,0.833333333333333
"Brazil","BR",2010,0.833333333333333
"Brazil","BR",2011,0.833333333333333
"Brazil","BR",2012,0.833333333333333
"Brunei Darussalam","BN",1990,0
"Brunei Darussalam","BN",1991,0
"Brunei Darussalam","BN",1992,0
"Brunei Darussalam","BN",1993,0
"Brunei Darussalam","BN",1994,0
"Brunei Darussalam","BN",1995,0
"Brunei Darussalam","BN",1996,0
"Brunei Darussalam","BN",1997,0
"Brunei Darussalam","BN",1998,0
"Brunei Darussalam","BN",1999,0.166666666666667
"Brunei Darussalam","BN",2000,0.166666666666667
"Brunei Darussalam","BN",2001,0.166666666666667
"Brunei Darussalam","BN",2002,0.166666666666667
"Brunei Darussalam","BN",2003,0.166666666666667
"Brunei Darussalam","BN",2004,0.166666666666667
"Brunei Darussalam","BN",2005,0.166666666666667
"Brunei Darussalam","BN",2006,0.166666666666667
"Brunei Darussalam","BN",2007,0.166666666666667
"Brunei Darussalam","BN",2008,0.166666666666667
"Brunei Darussalam","BN",2009,0.166666666666667
"Brunei Darussalam","BN",2010,0.166666666666667
"Brunei Darussalam","BN",2011,0.166666666666667
"Brunei Darussalam","BN",2012,0.166666666666667
"Bulgaria","BG",1990,0.666666666666667
"Bulgaria","BG",1991,0.833333333333333
"Bulgaria","BG",1992,0.833333333333333
"Bulgaria","BG",1993,0.833333333333333
"Bulgaria","BG",1994,0.833333333333333
"Bulgaria","BG",1995,0.833333333333333
"Bulgaria","BG",1996,0.833333333333333
"Bulgaria","BG",1997,0.833333333333333
"Bulgaria","BG",1998,0.833333333333333
"Bulgaria","BG",1999,0.833333333333333
"Bulgaria","BG",2000,0.833333333333333
"Bulgaria","BG",2001,0.833333333333333
"Bulgaria","BG",2002,0.833333333333333
"Bulgaria","BG",2003,0.833333333333333
"Bulgaria","BG",2004,0.833333333333333
"Bulgaria","BG",2005,0.833333333333333
"Bulgaria","BG",2006,0.833333333333333
"Bulgaria","BG",2007,0.833333333333333
"Bulgaria","BG",2008,0.833333333333333
"Bulgaria","BG",2009,1
"Bulgaria","BG",2010,1
"Bulgaria","BG",2011,1
"Bulgaria","BG",2012,1
"Canada","CA",1990,0.166666666666667
"Canada","CA",1991,1
"Canada","CA",1992,1
"Canada","CA",1993,1
"Canada","CA",1994,1
"Canada","CA",1995,1
"Canada","CA",1996,1
"Canada","CA",1997,1
"Canada","CA",1998,1
"Canada","CA",1999,1
"Canada","CA",2000,1
"Canada","CA",2001,1
"Canada","CA",2002,1
"Canada","CA",2003,1
"Canada","CA",2004,1
"Canada","CA",2005,1
"Canada","CA",2006,1
"Canada","CA",2007,1
"Canada","CA",2008,1
"Canada","CA",2009,0.833333333333333
"Canada","CA",2010,0.833333333333333
"Canada","CA",2011,0.833333333333333
"Canada","CA",2012,0.833333333333333
"Cayman Islands","KY",1990,0
"Cayman Islands","KY",1991,0
"Cayman Islands","KY",1992,0
"Cayman Islands","KY",1993,0
"Cayman Islands","KY",1994,0
"Cayman Islands","KY",1995,0
"Cayman Islands","KY",1996,0
"Cayman Islands","KY",1997,0
"Cayman Islands","KY",1998,0
"Cayman Islands","KY",1999,0
"Cayman Islands","KY",2000,0
"Cayman Islands","KY",2001,0
"Cayman Islands","KY",2002,0
"Cayman Islands","KY",2003,0
"Cayman Islands","KY",2004,0
"Cayman Islands","KY",2005,0
"Cayman Islands","KY",2006,0
"Cayman Islands","KY",2007,0
"Cayman Islands","KY",2008,0
"Cayman Islands","KY",2009,0
"Cayman Islands","KY",2010,0
"Cayman Islands","KY",2011,0
"Cayman Islands","KY",2012,0
"China","CN",1990,0.166666666666667
"China","CN",1991,0.166666666666667
"China","CN",1992,0.166666666666667
"China","CN",1993,0.166666666666667
"China","CN",1994,0.166666666666667
"China","CN",1995,0.166666666666667
"China","CN",1996,0.166666666666667
"China","CN",1997,0.166666666666667
"China","CN",1998,0.166666666666667
"China","CN",1999,0.166666666666667
"China","CN",2000,0.166666666666667
"China","CN",2001,0.166666666666667
"China","CN",2002,0.166666666666667
"China","CN",2003,0.166666666666667
"China","CN",2004,0.166666666666667
"China","CN",2005,0.5
"China","CN",2006,0.5
"China","CN",2007,0.5
"China","CN",2008,0.5
"China","CN",2009,0.5
"China","CN",2010,0.5
"China","CN",2011,0.5
"China","CN",2012,0.166666666666667
"Colombia","CO",1990,0.166666666666667
"Colombia","CO",1991,0.166666666666667
"Colombia","CO",1992,0.166666666666667
"Colombia","CO",1993,0.166666666666667
"Colombia","CO",1994,0.166666666666667
"Colombia","CO",1995,0.166666666666667
"Colombia","CO",1996,0.166666666666667
"Colombia","CO",1997,0.166666666666667
"Colombia","CO",1998,0.166666666666667
"Colombia","CO",1999,0.166666666666667
"Colombia","CO",2000,0.166666666666667
"Colombia","CO",2001,0.166666666666667
"Colombia","CO",2002,0.166666666666667
"Colombia","CO",2003,1
"Colombia","CO",2004,0.166666666666667
"Colombia","CO",2005,0.166666666666667
"Colombia","CO",2006,0.166666666666667
"Colombia","CO",2007,0.166666666666667
"Colombia","CO",2008,1
"Colombia","CO",2009,1
"Colombia","CO",2010,1
"Colombia","CO",2011,1
"Colombia","CO",2012,1
"Croatia","HR",1990,0
"Croatia","HR",1991,0
"Croatia","HR",1992,0
"Croatia","HR",1993,0
"Croatia","HR",1994,0
"Croatia","HR",1995,0.833333333333333
"Croatia","HR",1996,0.833333333333333
"Croatia","HR",1997,0.833333333333333
"Croatia","HR",1998,0.833333333333333
"Croatia","HR",1999,0.833333333333333
"Croatia","HR",2000,0.833333333333333
"Croatia","HR",2001,0.833333333333333
"Croatia","HR",2002,0.833333333333333
"Croatia","HR",2003,0.833333333333333
"Croatia","HR",2004,0.833333333333333
"Croatia","HR",2005,0.833333333333333
"Croatia","HR",2006,0.833333333333333
"Croatia","HR",2007,0.833333333333333
"Croatia","HR",2008,0.833333333333333
"Croatia","HR",2009,0.833333333333333
"Croatia","HR",2010,0.833333333333333
"Croatia","HR",2011,0.833333333333333
"Croatia","HR",2012,0.833333333333333
"Curacao","CW",1990,0
"Curacao","CW",1991,0
"Curacao","CW",1992,0
"Curacao","CW",1993,0
"Curacao","CW",1994,0
"Curacao","CW",1995,0
"Curacao","CW",1996,0
"Curacao","CW",1997,0
"Curacao","CW",1998,0
"Curacao","CW",1999,0
"Curacao","CW",2000,0
"Curacao","CW",2001,0
"Curacao","CW",2002,0
"Curacao","CW",2003,0
"Curacao","CW",2004,0
"Curacao","CW",2005,0
"Curacao","CW",2006,0
"Curacao","CW",2007,0
"Curacao","CW",2008,0
"Curacao","CW",2009,0
"Curacao","CW",2010,0
"Curacao","CW",2011,0
"Curacao","CW",2012,0
"Cyprus","CY",1990,0.166666666666667
"Cyprus","CY",1991,0.166666666666667
"Cyprus","CY",1992,0.166666666666667
"Cyprus","CY",1993,0.166666666666667
"Cyprus","CY",1994,0.166666666666667
"Cyprus","CY",1995,0.5
"Cyprus","CY",1996,0.5
"Cyprus","CY",1997,0.5
"Cyprus","CY",1998,0.666666666666667
"Cyprus","CY",1999,0.666666666666667
"Cyprus","CY",2000,0.666666666666667
"Cyprus","CY",2001,0.666666666666667
"Cyprus","CY",2002,0.666666666666667
"Cyprus","CY",2003,0.666666666666667
"Cyprus","CY",2004,0.666666666666667
"Cyprus","CY",2005,0.666666666666667
"Cyprus","CY",2006,0.666666666666667
"Cyprus","CY",2007,1
"Cyprus","CY",2008,1
"Cyprus","CY",2009,1
"Cyprus","CY",2010,1
"Cyprus","CY",2011,1
"Cyprus","CY",2012,1
"Czech Republic","CZ",1990,0
"Czech Republic","CZ",1991,0
"Czech Republic","CZ",1992,0
"Czech Republic","CZ",1993,1
"Czech Republic","CZ",1994,1
"Czech Republic","CZ",1995,1
"Czech Republic","CZ",1996,1
"Czech Republic","CZ",1997,1
"Czech Republic","CZ",1998,1
"Czech Republic","CZ",1999,1
"Czech Republic","CZ",2000,1
"Czech Republic","CZ",2001,1
"Czech Republic","CZ",2002,1
"Czech Republic","CZ",2003,1
"Czech Republic","CZ",2004,1
"Czech Republic","CZ",2005,1
"Czech Republic","CZ",2006,1
"Czech Republic","CZ",2007,1
"Czech Republic","CZ",2008,1
"Czech Republic","CZ",2009,1
"Czech Republic","CZ",2010,1
"Czech Republic","CZ",2011,1
"Czech Republic","CZ",2012,1
"Denmark","DK",1990,0.166666666666667
"Denmark","DK",1991,0.166666666666667
"Denmark","DK",1992,0.166666666666667
"Denmark","DK",1993,0.166666666666667
"Denmark","DK",1994,0.166666666666667
"Denmark","DK",1995,1
"Denmark","DK",1996,1
"Denmark","DK",1997,1
"Denmark","DK",1998,1
"Denmark","DK",1999,1
"Denmark","DK",2000,1
"Denmark","DK",2001,1
"Denmark","DK",2002,1
"Denmark","DK",2003,1
"Denmark","DK",2004,1
"Denmark","DK",2005,1
"Denmark","DK",2006,1
"Denmark","DK",2007,1
"Denmark","DK",2008,1
"Denmark","DK",2009,1
"Denmark","DK",2010,1
"Denmark","DK",2011,1
"Denmark","DK",2012,1
"Ecuador","EC",1990,0.833333333333333
"Ecuador","EC",1991,0.833333333333333
"Ecuador","EC",1992,0.833333333333333
"Ecuador","EC",1993,0.833333333333333
"Ecuador","EC",1994,0.833333333333333
"Ecuador","EC",1995,0.166666666666667
"Ecuador","EC",1996,0.166666666666667
"Ecuador","EC",1997,0.166666666666667
"Ecuador","EC",1998,0.166666666666667
"Ecuador","EC",1999,0.166666666666667
"Ecuador","EC",2000,0.166666666666667
"Ecuador","EC",2001,0.166666666666667
"Ecuador","EC",2002,0.166666666666667
"Ecuador","EC",2003,0.166666666666667
"Ecuador","EC",2004,0.166666666666667
"Ecuador","EC",2005,0.166666666666667
"Ecuador","EC",2006,0.166666666666667
"Ecuador","EC",2007,0.166666666666667
"Ecuador","EC",2008,0.166666666666667
"Ecuador","EC",2009,0.166666666666667
"Ecuador","EC",2010,0.166666666666667
"Ecuador","EC",2011,0.166666666666667
"Ecuador","EC",2012,0.166666666666667
"Egypt","EG",1990,0.833333333333333
"Egypt","EG",1991,0.833333333333333
"Egypt","EG",1992,0.833333333333333
"Egypt","EG",1993,0.833333333333333
"Egypt","EG",1994,0.833333333333333
"Egypt","EG",1995,0.833333333333333
"Egypt","EG",1996,0.833333333333333
"Egypt","EG",1997,0.833333333333333
"Egypt","EG",1998,0.166666666666667
"Egypt","EG",1999,0.166666666666667
"Egypt","EG",2000,0.166666666666667
"Egypt","EG",2001,0.166666666666667
"Egypt","EG",2002,0.833333333333333
"Egypt","EG",2003,0.833333333333333
"Egypt","EG",2004,0.833333333333333
"Egypt","EG",2005,0.833333333333333
"Egypt","EG",2006,0.833333333333333
"Egypt","EG",2007,1
"Egypt","EG",2008,0.833333333333333
"Egypt","EG",2009,0.833333333333333
"Egypt","EG",2010,0.833333333333333
"Egypt","EG",2011,0.833333333333333
"Egypt","EG",2012,0.833333333333333
"Equatorial Guinea","GQ",1990,0.166666666666667
"Equatorial Guinea","GQ",1991,0.166666666666667
"Equatorial Guinea","GQ",1992,0.166666666666667
"Equatorial Guinea","GQ",1993,0.166666666666667
"Equatorial Guinea","GQ",1994,0.166666666666667
"Equatorial Guinea","GQ",1995,0.166666666666667
"Equatorial Guinea","GQ",1996,0.166666666666667
"Equatorial Guinea","GQ",1997,0.166666666666667
"Equatorial Guinea","GQ",1998,0.166666666666667
"Equatorial Guinea","GQ",1999,0.166666666666667
"Equatorial Guinea","GQ",2000,0.166666666666667
"Equatorial Guinea","GQ",2001,0.166666666666667
"Equatorial Guinea","GQ",2002,0.166666666666667
"Equatorial Guinea","GQ",2003,0.166666666666667
"Equatorial Guinea","GQ",2004,0.166666666666667
"Equatorial Guinea","GQ",2005,0.166666666666667
"Equatorial Guinea","GQ",2006,0.166666666666667
"Equatorial Guinea","GQ",2007,0.833333333333333
"Equatorial Guinea","GQ",2008,0.833333333333333
"Equatorial Guinea","GQ",2009,0.833333333333333
"Equatorial Guinea","GQ",2010,0.166666666666667
"Equatorial Guinea","GQ",2011,0.166666666666667
"Equatorial Guinea","GQ",2012,0.166666666666667
"Estonia","EE",1990,0
"Estonia","EE",1991,0
"Estonia","EE",1992,0
"Estonia","EE",1993,0
"Estonia","EE",1994,0
"Estonia","EE",1995,1
"Estonia","EE",1996,1
"Estonia","EE",1997,1
"Estonia","EE",1998,1
"Estonia","EE",1999,1
"Estonia","EE",2000,1
"Estonia","EE",2001,1
"Estonia","EE",2002,1
"Estonia","EE",2003,1
"Estonia","EE",2004,1
"Estonia","EE",2005,1
"Estonia","EE",2006,1
"Estonia","EE",2007,1
"Estonia","EE",2008,1
"Estonia","EE",2009,1
"Estonia","EE",2010,1
"Estonia","EE",2011,1
"Estonia","EE",2012,1
"Faroe Islands","FO",1990,0
"Faroe Islands","FO",1991,0
"Faroe Islands","FO",1992,0
"Faroe Islands","FO",1993,0
"Faroe Islands","FO",1994,0
"Faroe Islands","FO",1995,0
"Faroe Islands","FO",1996,0
"Faroe Islands","FO",1997,0
"Faroe Islands","FO",1998,0
"Faroe Islands","FO",1999,0
"Faroe Islands","FO",2000,0
"Faroe Islands","FO",2001,0
"Faroe Islands","FO",2002,0
"Faroe Islands","FO",2003,0
"Faroe Islands","FO",2004,0
"Faroe Islands","FO",2005,0
"Faroe Islands","FO",2006,0
"Faroe Islands","FO",2007,0
"Faroe Islands","FO",2008,0
"Faroe Islands","FO",2009,0
"Faroe Islands","FO",2010,0
"Faroe Islands","FO",2011,0
"Faroe Islands","FO",2012,0
"Finland","FI",1990,0.166666666666667
"Finland","FI",1991,0.166666666666667
"Finland","FI",1992,0.166666666666667
"Finland","FI",1993,0.166666666666667
"Finland","FI",1994,0.166666666666667
"Finland","FI",1995,1
"Finland","FI",1996,1
"Finland","FI",1997,1
"Finland","FI",1998,1
"Finland","FI",1999,1
"Finland","FI",2000,1
"Finland","FI",2001,1
"Finland","FI",2002,1
"Finland","FI",2003,1
"Finland","FI",2004,1
"Finland","FI",2005,1
"Finland","FI",2006,1
"Finland","FI",2007,1
"Finland","FI",2008,1
"Finland","FI",2009,1
"Finland","FI",2010,1
"Finland","FI",2011,1
"Finland","FI",2012,1
"France","FR",1990,0.166666666666667
"France","FR",1991,0.166666666666667
"France","FR",1992,0.166666666666667
"France","FR",1993,0.166666666666667
"France","FR",1994,0.166666666666667
"France","FR",1995,1
"France","FR",1996,1
"France","FR",1997,1
"France","FR",1998,0.833333333333333
"France","FR",1999,1
"France","FR",2000,1
"France","FR",2001,1
"France","FR",2002,1
"France","FR",2003,1
"France","FR",2004,1
"France","FR",2005,1
"France","FR",2006,1
"France","FR",2007,1
"France","FR",2008,1
"France","FR",2009,1
"France","FR",2010,1
"France","FR",2011,1
"France","FR",2012,1
"French Polynesia","PF",1990,0
"French Polynesia","PF",1991,0
"French Polynesia","PF",1992,0
"French Polynesia","PF",1993,0
"French Polynesia","PF",1994,0
"French Polynesia","PF",1995,0
"French Polynesia","PF",1996,0
"French Polynesia","PF",1997,0
"French Polynesia","PF",1998,0
"French Polynesia","PF",1999,0
"French Polynesia","PF",2000,0
"French Polynesia","PF",2001,0
"French Polynesia","PF",2002,0
"French Polynesia","PF",2003,0
"French Polynesia","PF",2004,0
"French Polynesia","PF",2005,0
"French Polynesia","PF",2006,0
"French Polynesia","PF",2007,0
"French Polynesia","PF",2008,0
"French Polynesia","PF",2009,0
"French Polynesia","PF",2010,0
"French Polynesia","PF",2011,0
"French Polynesia","PF",2012,0
"Germany","DE",1990,0.166666666666667
"Germany","DE",1991,0.166666666666667
"Germany","DE",1992,0.166666666666667
"Germany","DE",1993,0.166666666666667
"Germany","DE",1994,0.166666666666667
"Germany","DE",1995,1
"Germany","DE",1996,1
"Germany","DE",1997,1
"Germany","DE",1998,1
"Germany","DE",1999,1
"Germany","DE",2000,1
"Germany","DE",2001,1
"Germany","DE",2002,1
"Germany","DE",2003,1
"Germany","DE",2004,1
"Germany","DE",2005,1
"Germany","DE",2006,1
"Germany","DE",2007,1
"Germany","DE",2008,1
"Germany","DE",2009,1
"Germany","DE",2010,1
"Germany","DE",2011,1
"Germany","DE",2012,1
"Greece","GR",1990,0.166666666666667
"Greece","GR",1991,0.166666666666667
"Greece","GR",1992,0.166666666666667
"Greece","GR",1993,0.166666666666667
"Greece","GR",1994,0.166666666666667
"Greece","GR",1995,1
"Greece","GR",1996,1
"Greece","GR",1997,1
"Greece","GR",1998,1
"Greece","GR",1999,1
"Greece","GR",2000,1
"Greece","GR",2001,1
"Greece","GR",2002,1
"Greece","GR",2003,1
"Greece","GR",2004,1
"Greece","GR",2005,1
"Greece","GR",2006,1
"Greece","GR",2007,1
"Greece","GR",2008,1
"Greece","GR",2009,1
"Greece","GR",2010,1
"Greece","GR",2011,1
"Greece","GR",2012,1
"Greenland","GL",1990,0
"Greenland","GL",1991,0
"Greenland","GL",1992,0
"Greenland","GL",1993,0
"Greenland","GL",1994,0
"Greenland","GL",1995,0
"Greenland","GL",1996,0
"Greenland","GL",1997,0
"Greenland","GL",1998,0
"Greenland","GL",1999,0
"Greenland","GL",2000,0
"Greenland","GL",2001,0
"Greenland","GL",2002,0
"Greenland","GL",2003,0
"Greenland","GL",2004,0
"Greenland","GL",2005,0
"Greenland","GL",2006,0
"Greenland","GL",2007,0
"Greenland","GL",2008,0
"Greenland","GL",2009,0
"Greenland","GL",2010,0
"Greenland","GL",2011,0
"Greenland","GL",2012,0
"Guam","GU",1990,0
"Guam","GU",1991,0
"Guam","GU",1992,0
"Guam","GU",1993,0
"Guam","GU",1994,0
"Guam","GU",1995,0
"Guam","GU",1996,0
"Guam","GU",1997,0
"Guam","GU",1998,0
"Guam","GU",1999,0
"Guam","GU",2000,0
"Guam","GU",2001,0
"Guam","GU",2002,0
"Guam","GU",2003,0
"Guam","GU",2004,0
"Guam","GU",2005,0
"Guam","GU",2006,0
"Guam","GU",2007,0
"Guam","GU",2008,0
"Guam","GU",2009,0
"Guam","GU",2010,0
"Guam","GU",2011,0
"Guam","GU",2012,0
"Hong Kong","HK",1990,0.166666666666667
"Hong Kong","HK",1991,0.166666666666667
"Hong Kong","HK",1992,0.166666666666667
"Hong Kong","HK",1993,0.166666666666667
"Hong Kong","HK",1994,0.166666666666667
"Hong Kong","HK",1995,0.166666666666667
"Hong Kong","HK",1996,0.166666666666667
"Hong Kong","HK",1997,0.166666666666667
"Hong Kong","HK",1998,0.166666666666667
"Hong Kong","HK",1999,0.166666666666667
"Hong Kong","HK",2000,0.166666666666667
"Hong Kong","HK",2001,0.166666666666667
"Hong Kong","HK",2002,1
"Hong Kong","HK",2003,1
"Hong Kong","HK",2004,1
"Hong Kong","HK",2005,1
"Hong Kong","HK",2006,1
"Hong Kong","HK",2007,1
"Hong Kong","HK",2008,1
"Hong Kong","HK",2009,1
"Hong Kong","HK",2010,0.166666666666667
"Hong Kong","HK",2011,0.166666666666667
"Hong Kong","HK",2012,0.166666666666667
"Hungary","HU",1990,0
"Hungary","HU",1991,0.166666666666667
"Hungary","HU",1992,0.166666666666667
"Hungary","HU",1993,0.166666666666667
"Hungary","HU",1994,0.166666666666667
"Hungary","HU",1995,1
"Hungary","HU",1996,1
"Hungary","HU",1997,1
"Hungary","HU",1998,1
"Hungary","HU",1999,1
"Hungary","HU",2000,1
"Hungary","HU",2001,1
"Hungary","HU",2002,1
"Hungary","HU",2003,1
"Hungary","HU",2004,1
"Hungary","HU",2005,1
"Hungary","HU",2006,1
"Hungary","HU",2007,1
"Hungary","HU",2008,1
"Hungary","HU",2009,1
"Hungary","HU",2010,1
"Hungary","HU",2011,1
"Hungary","HU",2012,1
"Iceland","IS",1990,0.166666666666667
"Iceland","IS",1991,0.166666666666667
"Iceland","IS",1992,0.166666666666667
"Iceland","IS",1993,0.166666666666667
"Iceland","IS",1994,0.166666666666667
"Iceland","IS",1995,0.166666666666667
"Iceland","IS",1996,0.166666666666667
"Iceland","IS",1997,0.333333333333333
"Iceland","IS",1998,1
"Iceland","IS",1999,1
"Iceland","IS",2000,1
"Iceland","IS",2001,1
"Iceland","IS",2002,1
"Iceland","IS",2003,1
"Iceland","IS",2004,1
"Iceland","IS",2005,1
"Iceland","IS",2006,1
"Iceland","IS",2007,1
"Iceland","IS",2008,1
"Iceland","IS",2009,1
"Iceland","IS",2010,1
"Iceland","IS",2011,1
"Iceland","IS",2012,1
"Ireland","IE",1990,0.166666666666667
"Ireland","IE",1991,0.166666666666667
"Ireland","IE",1992,0.166666666666667
"Ireland","IE",1993,0.166666666666667
"Ireland","IE",1994,0.166666666666667
"Ireland","IE",1995,0.833333333333333
"Ireland","IE",1996,0.833333333333333
"Ireland","IE",1997,0.833333333333333
"Ireland","IE",1998,1
"Ireland","IE",1999,1
"Ireland","IE",2000,1
"Ireland","IE",2001,1
"Ireland","IE",2002,1
"Ireland","IE",2003,1
"Ireland","IE",2004,1
"Ireland","IE",2005,1
"Ireland","IE",2006,1
"Ireland","IE",2007,1
"Ireland","IE",2008,1
"Ireland","IE",2009,1
"Ireland","IE",2010,1
"Ireland","IE",2011,1
"Ireland","IE",2012,1
"Isle of Man","IM",1990,0
"Isle of Man","IM",1991,0
"Isle of Man","IM",1992,0
"Isle of Man","IM",1993,0
"Isle of Man","IM",1994,0
"Isle of Man","IM",1995,0
"Isle of Man","IM",1996,0
"Isle of Man","IM",1997,0
"Isle of Man","IM",1998,0
"Isle of Man","IM",1999,0
"Isle of Man","IM",2000,0
"Isle of Man","IM",2001,0
"Isle of Man","IM",2002,0
"Isle of Man","IM",2003,0
"Isle of Man","IM",2004,0
"Isle of Man","IM",2005,0
"Isle of Man","IM",2006,0
"Isle of Man","IM",2007,0
"Isle of Man","IM",2008,0
"Isle of Man","IM",2009,0
"Isle of Man","IM",2010,0
"Isle of Man","IM",2011,0
"Isle of Man","IM",2012,0
"Israel","IL",1990,0.166666666666667
"Israel","IL",1991,0.166666666666667
"Israel","IL",1992,0.166666666666667
"Israel","IL",1993,0.166666666666667
"Israel","IL",1994,0.166666666666667
"Israel","IL",1995,0.166666666666667
"Israel","IL",1996,0.166666666666667
"Israel","IL",1997,0.166666666666667
"Israel","IL",1998,0.166666666666667
"Israel","IL",1999,0.166666666666667
"Israel","IL",2000,0.833333333333333
"Israel","IL",2001,0.833333333333333
"Israel","IL",2002,0.833333333333333
"Israel","IL",2003,0.833333333333333
"Israel","IL",2004,0.833333333333333
"Israel","IL",2005,0.833333333333333
"Israel","IL",2006,0.833333333333333
"Israel","IL",2007,0.833333333333333
"Israel","IL",2008,0.833333333333333
"Israel","IL",2009,0.833333333333333
"Israel","IL",2010,0.666666666666667
"Israel","IL",2011,0.666666666666667
"Israel","IL",2012,0.666666666666667
"Italy","IT",1990,0.166666666666667
"Italy","IT",1991,0.166666666666667
"Italy","IT",1992,0.166666666666667
"Italy","IT",1993,0.166666666666667
"Italy","IT",1994,0.166666666666667
"Italy","IT",1995,1
"Italy","IT",1996,1
"Italy","IT",1997,1
"Italy","IT",1998,1
"Italy","IT",1999,1
"Italy","IT",2000,1
"Italy","IT",2001,1
"Italy","IT",2002,1
"Italy","IT",2003,1
"Italy","IT",2004,1
"Italy","IT",2005,1
"Italy","IT",2006,1
"Italy","IT",2007,1
"Italy","IT",2008,1
"Italy","IT",2009,1
"Italy","IT",2010,1
"Italy","IT",2011,1
"Italy","IT",2012,1
"Japan","JP",1990,0.166666666666667
"Japan","JP",1991,0.166666666666667
"Japan","JP",1992,0.166666666666667
"Japan","JP",1993,0.166666666666667
"Japan","JP",1994,0.166666666666667
"Japan","JP",1995,0.166666666666667
"Japan","JP",1996,0.166666666666667
"Japan","JP",1997,0.166666666666667
"Japan","JP",1998,0.166666666666667
"Japan","JP",1999,0.166666666666667
"Japan","JP",2000,0.166666666666667
"Japan","JP",2001,0.166666666666667
"Japan","JP",2002,0.166666666666667
"Japan","JP",2003,0.166666666666667
"Japan","JP",2004,0.166666666666667
"Japan","JP",2005,1
"Japan","JP",2006,1
"Japan","JP",2007,1
"Japan","JP",2008,1
"Japan","JP",2009,1
"Japan","JP",2010,1
"Japan","JP",2011,1
"Japan","JP",2012,1
"Korea, Republic of","KR",1990,1
"Korea, Republic of","KR",1991,1
"Korea, Republic of","KR",1992,1
"Korea, Republic of","KR",1993,1
"Korea, Republic of","KR",1994,1
"Korea, Republic of","KR",1995,1
"Korea, Republic of","KR",1996,1
"Korea, Republic of","KR",1997,1
"Korea, Republic of","KR",1998,0.833333333333333
"Korea, Republic of","KR",1999,0.833333333333333
"Korea, Republic of","KR",2000,0.833333333333333
"Korea, Republic of","KR",2001,0.833333333333333
"Korea, Republic of","KR",2002,0.833333333333333
"Korea, Republic of","KR",2003,0.833333333333333
"Korea, Republic of","KR",2004,0.833333333333333
"Korea, Republic of","KR",2005,0.833333333333333
"Korea, Republic of","KR",2006,0.833333333333333
"Korea, Republic of","KR",2007,0.833333333333333
"Korea, Republic of","KR",2008,0.833333333333333
"Korea, Republic of","KR",2009,0.833333333333333
"Korea, Republic of","KR",2010,0.833333333333333
"Korea, Republic of","KR",2011,0.833333333333333
"Korea, Republic of","KR",2012,0.166666666666667
"Kuwait","KW",1990,0.666666666666667
"Kuwait","KW",1991,0.833333333333333
"Kuwait","KW",1992,0.833333333333333
"Kuwait","KW",1993,0.833333333333333
"Kuwait","KW",1994,0.833333333333333
"Kuwait","KW",1995,0.833333333333333
"Kuwait","KW",1996,0.833333333333333
"Kuwait","KW",1997,0.833333333333333
"Kuwait","KW",1998,0.833333333333333
"Kuwait","KW",1999,0.166666666666667
"Kuwait","KW",2000,0.166666666666667
"Kuwait","KW",2001,0.833333333333333
"Kuwait","KW",2002,0.833333333333333
"Kuwait","KW",2003,0.833333333333333
"Kuwait","KW",2004,0.833333333333333
"Kuwait","KW",2005,0.833333333333333
"Kuwait","KW",2006,0.833333333333333
"Kuwait","KW",2007,0.833333333333333
"Kuwait","KW",2008,0.833333333333333
"Kuwait","KW",2009,0.833333333333333
"Kuwait","KW",2010,0.833333333333333
"Kuwait","KW",2011,0.833333333333333
"Kuwait","KW",2012,0.833333333333333
"Liechtenstein","LI",1990,0
"Liechtenstein","LI",1991,0
"Liechtenstein","LI",1992,0
"Liechtenstein","LI",1993,0
"Liechtenstein","LI",1994,0
"Liechtenstein","LI",1995,0
"Liechtenstein","LI",1996,0
"Liechtenstein","LI",1997,0
"Liechtenstein","LI",1998,0
"Liechtenstein","LI",1999,0
"Liechtenstein","LI",2000,0
"Liechtenstein","LI",2001,0
"Liechtenstein","LI",2002,0
"Liechtenstein","LI",2003,0
"Liechtenstein","LI",2004,0
"Liechtenstein","LI",2005,0
"Liechtenstein","LI",2006,0
"Liechtenstein","LI",2007,0
"Liechtenstein","LI",2008,0
"Liechtenstein","LI",2009,0
"Liechtenstein","LI",2010,0
"Liechtenstein","LI",2011,0
"Liechtenstein","LI",2012,0
"Luxembourg","LU",1990,0.166666666666667
"Luxembourg","LU",1991,0.166666666666667
"Luxembourg","LU",1992,0.166666666666667
"Luxembourg","LU",1993,0
"Luxembourg","LU",1994,0.166666666666667
"Luxembourg","LU",1995,0.166666666666667
"Luxembourg","LU",1996,0.166666666666667
"Luxembourg","LU",1997,0.166666666666667
"Luxembourg","LU",1998,0
"Luxembourg","LU",1999,0.666666666666667
"Luxembourg","LU",2000,0.833333333333333
"Luxembourg","LU",2001,1
"Luxembourg","LU",2002,1
"Luxembourg","LU",2003,1
"Luxembourg","LU",2004,1
"Luxembourg","LU",2005,1
"Luxembourg","LU",2006,1
"Luxembourg","LU",2007,1
"Luxembourg","LU",2008,1
"Luxembourg","LU",2009,1
"Luxembourg","LU",2010,1
"Luxembourg","LU",2011,1
"Luxembourg","LU",2012,1
"Macao","MO",1990,0.166666666666667
"Macao","MO",1991,0.166666666666667
"Macao","MO",1992,0.166666666666667
"Macao","MO",1993,0.166666666666667
"Macao","MO",1994,0.166666666666667
"Macao","MO",1995,0.166666666666667
"Macao","MO",1996,0.833333333333333
"Macao","MO",1997,0.833333333333333
"Macao","MO",1998,0.833333333333333
"Macao","MO",1999,0.833333333333333
"Macao","MO",2000,0.833333333333333
"Macao","MO",2001,0.833333333333333
"Macao","MO",2002,0.833333333333333
"Macao","MO",2003,0.833333333333333
"Macao","MO",2004,0.833333333333333
"Macao","MO",2005,0.833333333333333
"Macao","MO",2006,0.833333333333333
"Macao","MO",2007,0.833333333333333
"Macao","MO",2008,0.833333333333333
"Macao","MO",2009,0.833333333333333
"Macao","MO",2010,0.833333333333333
"Macao","MO",2011,0.833333333333333
"Macao","MO",2012,0.833333333333333
"Malta","MT",1990,0.166666666666667
"Malta","MT",1991,0.166666666666667
"Malta","MT",1992,0.166666666666667
"Malta","MT",1993,0.166666666666667
"Malta","MT",1994,0.166666666666667
"Malta","MT",1995,0.166666666666667
"Malta","MT",1996,0.166666666666667
"Malta","MT",1997,0.166666666666667
"Malta","MT",1998,0.166666666666667
"Malta","MT",1999,0.166666666666667
"Malta","MT",2000,0.166666666666667
"Malta","MT",2001,0.166666666666667
"Malta","MT",2002,0.166666666666667
"Malta","MT",2003,1
"Malta","MT",2004,1
"Malta","MT",2005,1
"Malta","MT",2006,1
"Malta","MT",2007,1
"Malta","MT",2008,1
"Malta","MT",2009,1
"Malta","MT",2010,1
"Malta","MT",2011,1
"Malta","MT",2012,1
"Mexico","MX",1990,1
"Mexico","MX",1991,1
"Mexico","MX",1992,1
"Mexico","MX",1993,1
"Mexico","MX",1994,1
"Mexico","MX",1995,1
"Mexico","MX",1996,1
"Mexico","MX",1997,1
"Mexico","MX",1998,1
"Mexico","MX",1999,1
"Mexico","MX",2000,1
"Mexico","MX",2001,0.166666666666667
"Mexico","MX",2002,0.166666666666667
"Mexico","MX",2003,0.166666666666667
"Mexico","MX",2004,0.166666666666667
"Mexico","MX",2005,0.166666666666667
"Mexico","MX",2006,0.166666666666667
"Mexico","MX",2007,0.166666666666667
"Mexico","MX",2008,0.166666666666667
"Mexico","MX",2009,0.166666666666667
"Mexico","MX",2010,0.166666666666667
"Mexico","MX",2011,0.166666666666667
"Mexico","MX",2012,0.166666666666667
"Monaco","MC",1990,0
"Monaco","MC",1991,0
"Monaco","MC",1992,0
"Monaco","MC",1993,0
"Monaco","MC",1994,0
"Monaco","MC",1995,0
"Monaco","MC",1996,0
"Monaco","MC",1997,0
"Monaco","MC",1998,0
"Monaco","MC",1999,0
"Monaco","MC",2000,0
"Monaco","MC",2001,0
"Monaco","MC",2002,0
"Monaco","MC",2003,0
"Monaco","MC",2004,0
"Monaco","MC",2005,0
"Monaco","MC",2006,0
"Monaco","MC",2007,0
"Monaco","MC",2008,0
"Monaco","MC",2009,0
"Monaco","MC",2010,0
"Monaco","MC",2011,0
"Monaco","MC",2012,0
"Morocco","MA",1990,0.166666666666667
"Morocco","MA",1991,0.166666666666667
"Morocco","MA",1992,0.166666666666667
"Morocco","MA",1993,0.166666666666667
"Morocco","MA",1994,0.166666666666667
"Morocco","MA",1995,0.166666666666667
"Morocco","MA",1996,0.166666666666667
"Morocco","MA",1997,0.166666666666667
"Morocco","MA",1998,0.166666666666667
"Morocco","MA",1999,0.166666666666667
"Morocco","MA",2000,0.166666666666667
"Morocco","MA",2001,0.166666666666667
"Morocco","MA",2002,1
"Morocco","MA",2003,0.833333333333333
"Morocco","MA",2004,0.833333333333333
"Morocco","MA",2005,0.833333333333333
"Morocco","MA",2006,1
"Morocco","MA",2007,1
"Morocco","MA",2008,1
"Morocco","MA",2009,1
"Morocco","MA",2010,1
"Morocco","MA",2011,1
"Morocco","MA",2012,1
"Netherlands","NL",1990,0.166666666666667
"Netherlands","NL",1991,0.166666666666667
"Netherlands","NL",1992,0.166666666666667
"Netherlands","NL",1993,0.166666666666667
"Netherlands","NL",1994,0.166666666666667
"Netherlands","NL",1995,1
"Netherlands","NL",1996,1
"Netherlands","NL",1997,1
"Netherlands","NL",1998,0.833333333333333
"Netherlands","NL",1999,1
"Netherlands","NL",2000,1
"Netherlands","NL",2001,1
"Netherlands","NL",2002,1
"Netherlands","NL",2003,1
"Netherlands","NL",2004,1
"Netherlands","NL",2005,1
"Netherlands","NL",2006,1
"Netherlands","NL",2007,1
"Netherlands","NL",2008,1
"Netherlands","NL",2009,1
"Netherlands","NL",2010,1
"Netherlands","NL",2011,1
"Netherlands","NL",2012,1
"New Caledonia","NC",1990,0
"New Caledonia","NC",1991,0
"New Caledonia","NC",1992,0
"New Caledonia","NC",1993,0
"New Caledonia","NC",1994,0
"New Caledonia","NC",1995,0
"New Caledonia","NC",1996,0
"New Caledonia","NC",1997,0
"New Caledonia","NC",1998,0
"New Caledonia","NC",1999,0
"New Caledonia","NC",2000,0
"New Caledonia","NC",2001,0
"New Caledonia","NC",2002,0
"New Caledonia","NC",2003,0
"New Caledonia","NC",2004,0
"New Caledonia","NC",2005,0
"New Caledonia","NC",2006,0
"New Caledonia","NC",2007,0
"New Caledonia","NC",2008,0
"New Caledonia","NC",2009,0
"New Caledonia","NC",2010,0
"New Caledonia","NC",2011,0
"New Caledonia","NC",2012,0
"New Zealand","NZ",1990,0.166666666666667
"New Zealand","NZ",1991,0.166666666666667
"New Zealand","NZ",1992,0.166666666666667
"New Zealand","NZ",1993,0.166666666666667
"New Zealand","NZ",1994,0.166666666666667
"New Zealand","NZ",1995,0.166666666666667
"New Zealand","NZ",1996,0.166666666666667
"New Zealand","NZ",1997,0.166666666666667
"New Zealand","NZ",1998,0.166666666666667
"New Zealand","NZ",1999,0.166666666666667
"New Zealand","NZ",2000,0.166666666666667
"New Zealand","NZ",2001,0.833333333333333
"New Zealand","NZ",2002,1
"New Zealand","NZ",2003,1
"New Zealand","NZ",2004,1
"New Zealand","NZ",2005,1
"New Zealand","NZ",2006,1
"New Zealand","NZ",2007,1
"New Zealand","NZ",2008,1
"New Zealand","NZ",2009,1
"New Zealand","NZ",2010,1
"New Zealand","NZ",2011,0.833333333333333
"New Zealand","NZ",2012,0.833333333333333
"Nigeria","NG",1990,0.166666666666667
"Nigeria","NG",1991,0.166666666666667
"Nigeria","NG",1992,0.166666666666667
"Nigeria","NG",1993,0.166666666666667
"Nigeria","NG",1994,0.166666666666667
"Nigeria","NG",1995,0.166666666666667
"Nigeria","NG",1996,0.166666666666667
"Nigeria","NG",1997,0.166666666666667
"Nigeria","NG",1998,0.166666666666667
"Nigeria","NG",1999,0.166666666666667
"Nigeria","NG",2000,0.166666666666667
"Nigeria","NG",2001,0.166666666666667
"Nigeria","NG",2002,0.166666666666667
"Nigeria","NG",2003,1
"Nigeria","NG",2004,1
"Nigeria","NG",2005,1
"Nigeria","NG",2006,1
"Nigeria","NG",2007,1
"Nigeria","NG",2008,1
"Nigeria","NG",2009,1
"Nigeria","NG",2010,1
"Nigeria","NG",2011,1
"Nigeria","NG",2012,1
"Northern Mariana Islands","MP",1990,0
"Northern Mariana Islands","MP",1991,0
"Northern Mariana Islands","MP",1992,0
"Northern Mariana Islands","MP",1993,0
"Northern Mariana Islands","MP",1994,0
"Northern Mariana Islands","MP",1995,0
"Northern Mariana Islands","MP",1996,0
"Northern Mariana Islands","MP",1997,0
"Northern Mariana Islands","MP",1998,0
"Northern Mariana Islands","MP",1999,0
"Northern Mariana Islands","MP",2000,0
"Northern Mariana Islands","MP",2001,0
"Northern Mariana Islands","MP",2002,0
"Northern Mariana Islands","MP",2003,0
"Northern Mariana Islands","MP",2004,0
"Northern Mariana Islands","MP",2005,0
"Northern Mariana Islands","MP",2006,0
"Northern Mariana Islands","MP",2007,0
"Northern Mariana Islands","MP",2008,0
"Northern Mariana Islands","MP",2009,0
"Northern Mariana Islands","MP",2010,0
"Northern Mariana Islands","MP",2011,0
"Northern Mariana Islands","MP",2012,0
"Norway","NO",1990,0.166666666666667
"Norway","NO",1991,0.166666666666667
"Norway","NO",1992,0.166666666666667
"Norway","NO",1993,0.166666666666667
"Norway","NO",1994,0.166666666666667
"Norway","NO",1995,0.166666666666667
"Norway","NO",1996,0.166666666666667
"Norway","NO",1997,0.166666666666667
"Norway","NO",1998,0.166666666666667
"Norway","NO",1999,0.166666666666667
"Norway","NO",2000,1
"Norway","NO",2001,1
"Norway","NO",2002,1
"Norway","NO",2003,1
"Norway","NO",2004,1
"Norway","NO",2005,1
"Norway","NO",2006,1
"Norway","NO",2007,0.833333333333333
"Norway","NO",2008,0.833333333333333
"Norway","NO",2009,0.833333333333333
"Norway","NO",2010,0.833333333333333
"Norway","NO",2011,0.833333333333333
"Norway","NO",2012,0.833333333333333
"Oman","OM",1990,1
"Oman","OM",1991,1
"Oman","OM",1992,1
"Oman","OM",1993,1
"Oman","OM",1994,1
"Oman","OM",1995,1
"Oman","OM",1996,1
"Oman","OM",1997,1
"Oman","OM",1998,1
"Oman","OM",1999,1
"Oman","OM",2000,0.833333333333333
"Oman","OM",2001,0.833333333333333
"Oman","OM",2002,0.833333333333333
"Oman","OM",2003,1
"Oman","OM",2004,1
"Oman","OM",2005,1
"Oman","OM",2006,1
"Oman","OM",2007,1
"Oman","OM",2008,1
"Oman","OM",2009,1
"Oman","OM",2010,1
"Oman","OM",2011,0.833333333333333
"Oman","OM",2012,0.833333333333333
"Panama","PA",1990,0.833333333333333
"Panama","PA",1991,0.833333333333333
"Panama","PA",1992,0.833333333333333
"Panama","PA",1993,0.833333333333333
"Panama","PA",1994,0.833333333333333
"Panama","PA",1995,0.833333333333333
"Panama","PA",1996,0.833333333333333
"Panama","PA",1997,0.833333333333333
"Panama","PA",1998,0.833333333333333
"Panama","PA",1999,0.833333333333333
"Panama","PA",2000,0.833333333333333
"Panama","PA",2001,0.833333333333333
"Panama","PA",2002,0.166666666666667
"Panama","PA",2003,0.166666666666667
"Panama","PA",2004,0.166666666666667
"Panama","PA",2005,0.166666666666667
"Panama","PA",2006,0.166666666666667
"Panama","PA",2007,0.166666666666667
"Panama","PA",2008,0.166666666666667
"Panama","PA",2009,0.166666666666667
"Panama","PA",2010,0.166666666666667
"Panama","PA",2011,0.166666666666667
"Panama","PA",2012,0.166666666666667
"Peru","PE",1990,1
"Peru","PE",1991,1
"Peru","PE",1992,1
"Peru","PE",1993,1
"Peru","PE",1994,1
"Peru","PE",1995,0.833333333333333
"Peru","PE",1996,0.833333333333333
"Peru","PE",1997,0.833333333333333
"Peru","PE",1998,0.833333333333333
"Peru","PE",1999,0.833333333333333
"Peru","PE",2000,0.833333333333333
"Peru","PE",2001,0.833333333333333
"Peru","PE",2002,0.833333333333333
"Peru","PE",2003,0.833333333333333
"Peru","PE",2004,0.833333333333333
"Peru","PE",2005,0.833333333333333
"Peru","PE",2006,1
"Peru","PE",2007,1
"Peru","PE",2008,1
"Peru","PE",2009,1
"Peru","PE",2010,1
"Peru","PE",2011,1
"Peru","PE",2012,1
"Philippines","PH",1990,1
"Philippines","PH",1991,1
"Philippines","PH",1992,1
"Philippines","PH",1993,1
"Philippines","PH",1994,0.666666666666667
"Philippines","PH",1995,0.666666666666667
"Philippines","PH",1996,0.666666666666667
"Philippines","PH",1997,0.666666666666667
"Philippines","PH",1998,0.666666666666667
"Philippines","PH",1999,0.666666666666667
"Philippines","PH",2000,1
"Philippines","PH",2001,0.666666666666667
"Philippines","PH",2002,0.666666666666667
"Philippines","PH",2003,1
"Philippines","PH",2004,1
"Philippines","PH",2005,0.833333333333333
"Philippines","PH",2006,0.833333333333333
"Philippines","PH",2007,0.833333333333333
"Philippines","PH",2008,0.833333333333333
"Philippines","PH",2009,0.833333333333333
"Philippines","PH",2010,0.833333333333333
"Philippines","PH",2011,0.833333333333333
"Philippines","PH",2012,1
"Poland","PL",1990,0.166666666666667
"Poland","PL",1991,0.166666666666667
"Poland","PL",1992,0.166666666666667
"Poland","PL",1993,0.166666666666667
"Poland","PL",1994,0.166666666666667
"Poland","PL",1995,0.166666666666667
"Poland","PL",1996,0.166666666666667
"Poland","PL",1997,0.166666666666667
"Poland","PL",1998,0.166666666666667
"Poland","PL",1999,0.166666666666667
"Poland","PL",2000,0.166666666666667
"Poland","PL",2001,1
"Poland","PL",2002,1
"Poland","PL",2003,0.833333333333333
"Poland","PL",2004,0.833333333333333
"Poland","PL",2005,0.833333333333333
"Poland","PL",2006,0.833333333333333
"Poland","PL",2007,0.833333333333333
"Poland","PL",2008,0.833333333333333
"Poland","PL",2009,0.833333333333333
"Poland","PL",2010,0.833333333333333
"Poland","PL",2011,0.833333333333333
"Poland","PL",2012,0.833333333333333
"Portugal","PT",1990,0.166666666666667
"Portugal","PT",1991,0.166666666666667
"Portugal","PT",1992,0.166666666666667
"Portugal","PT",1993,0.166666666666667
"Portugal","PT",1994,0.166666666666667
"Portugal","PT",1995,0.833333333333333
"Portugal","PT",1996,0.833333333333333
"Portugal","PT",1997,1
"Portugal","PT",1998,1
"Portugal","PT",1999,1
"Portugal","PT",2000,1
"Portugal","PT",2001,1
"Portugal","PT",2002,1
"Portugal","PT",2003,1
"Portugal","PT",2004,1
"Portugal","PT",2005,1
"Portugal","PT",2006,1
"Portugal","PT",2007,1
"Portugal","PT",2008,1
"Portugal","PT",2009,1
"Portugal","PT",2010,1
"Portugal","PT",2011,1
"Portugal","PT",2012,1
"Puerto Rico","PR",1990,0
"Puerto Rico","PR",1991,0
"Puerto Rico","PR",1992,0
"Puerto Rico","PR",1993,0
"Puerto Rico","PR",1994,0
"Puerto Rico","PR",1995,0
"Puerto Rico","PR",1996,0
"Puerto Rico","PR",1997,0
"Puerto Rico","PR",1998,0
"Puerto Rico","PR",1999,0
"Puerto Rico","PR",2000,0
"Puerto Rico","PR",2001,0
"Puerto Rico","PR",2002,0
"Puerto Rico","PR",2003,0
"Puerto Rico","PR",2004,0
"Puerto Rico","PR",2005,0
"Puerto Rico","PR",2006,0
"Puerto Rico","PR",2007,0
"Puerto Rico","PR",2008,0
"Puerto Rico","PR",2009,0
"Puerto Rico","PR",2010,0
"Puerto Rico","PR",2011,0
"Puerto Rico","PR",2012,0
"Qatar","QA",1990,0.166666666666667
"Qatar","QA",1991,0.166666666666667
"Qatar","QA",1992,0.166666666666667
"Qatar","QA",1993,0.166666666666667
"Qatar","QA",1994,0.166666666666667
"Qatar","QA",1995,0.166666666666667
"Qatar","QA",1996,0.166666666666667
"Qatar","QA",1997,0.166666666666667
"Qatar","QA",1998,0.166666666666667
"Qatar","QA",1999,0.166666666666667
"Qatar","QA",2000,0.166666666666667
"Qatar","QA",2001,0.166666666666667
"Qatar","QA",2002,0.166666666666667
"Qatar","QA",2003,0.166666666666667
"Qatar","QA",2004,0.833333333333333
"Qatar","QA",2005,0.833333333333333
"Qatar","QA",2006,0.833333333333333
"Qatar","QA",2007,0.833333333333333
"Qatar","QA",2008,0.833333333333333
"Qatar","QA",2009,0.833333333333333
"Qatar","QA",2010,0.833333333333333
"Qatar","QA",2011,0.166666666666667
"Qatar","QA",2012,0.166666666666667
"Russian Federation","RU",1990,0
"Russian Federation","RU",1991,0
"Russian Federation","RU",1992,0
"Russian Federation","RU",1993,0.166666666666667
"Russian Federation","RU",1994,0.166666666666667
"Russian Federation","RU",1995,0.166666666666667
"Russian Federation","RU",1996,0.166666666666667
"Russian Federation","RU",1997,0.166666666666667
"Russian Federation","RU",1998,0.166666666666667
"Russian Federation","RU",1999,0.166666666666667
"Russian Federation","RU",2000,0.166666666666667
"Russian Federation","RU",2001,0.333333333333333
"Russian Federation","RU",2002,1
"Russian Federation","RU",2003,0.833333333333333
"Russian Federation","RU",2004,0.833333333333333
"Russian Federation","RU",2005,1
"Russian Federation","RU",2006,1
"Russian Federation","RU",2007,1
"Russian Federation","RU",2008,1
"Russian Federation","RU",2009,1
"Russian Federation","RU",2010,1
"Russian Federation","RU",2011,1
"Russian Federation","RU",2012,1
"Saint Martin (French part)","MF",1990,0
"Saint Martin (French part)","MF",1991,0
"Saint Martin (French part)","MF",1992,0
"Saint Martin (French part)","MF",1993,0
"Saint Martin (French part)","MF",1994,0
"Saint Martin (French part)","MF",1995,0
"Saint Martin (French part)","MF",1996,0
"Saint Martin (French part)","MF",1997,0
"Saint Martin (French part)","MF",1998,0
"Saint Martin (French part)","MF",1999,0
"Saint Martin (French part)","MF",2000,0
"Saint Martin (French part)","MF",2001,0
"Saint Martin (French part)","MF",2002,0
"Saint Martin (French part)","MF",2003,0
"Saint Martin (French part)","MF",2004,0
"Saint Martin (French part)","MF",2005,0
"Saint Martin (French part)","MF",2006,0
"Saint Martin (French part)","MF",2007,0
"Saint Martin (French part)","MF",2008,0
"Saint Martin (French part)","MF",2009,0
"Saint Martin (French part)","MF",2010,0
"Saint Martin (French part)","MF",2011,0
"Saint Martin (French part)","MF",2012,0
"San Marino","SM",1990,0
"San Marino","SM",1991,0
"San Marino","SM",1992,0
"San Marino","SM",1993,0
"San Marino","SM",1994,0
"San Marino","SM",1995,0
"San Marino","SM",1996,0
"San Marino","SM",1997,0
"San Marino","SM",1998,0
"San Marino","SM",1999,0
"San Marino","SM",2000,0
"San Marino","SM",2001,0
"San Marino","SM",2002,0.833333333333333
"San Marino","SM",2003,0.833333333333333
"San Marino","SM",2004,0.833333333333333
"San Marino","SM",2005,0.833333333333333
"San Marino","SM",2006,0.833333333333333
"San Marino","SM",2007,0.833333333333333
"San Marino","SM",2008,0.833333333333333
"San Marino","SM",2009,0
"San Marino","SM",2010,0
"San Marino","SM",2011,0
"San Marino","SM",2012,0
"Saudi Arabia","SA",1990,0.166666666666667
"Saudi Arabia","SA",1991,0.166666666666667
"Saudi Arabia","SA",1992,0.166666666666667
"Saudi Arabia","SA",1993,0.166666666666667
"Saudi Arabia","SA",1994,0.166666666666667
"Saudi Arabia","SA",1995,0.166666666666667
"Saudi Arabia","SA",1996,0.166666666666667
"Saudi Arabia","SA",1997,0.166666666666667
"Saudi Arabia","SA",1998,0.166666666666667
"Saudi Arabia","SA",1999,0.166666666666667
"Saudi Arabia","SA",2000,0.166666666666667
"Saudi Arabia","SA",2001,0.166666666666667
"Saudi Arabia","SA",2002,0.166666666666667
"Saudi Arabia","SA",2003,0.166666666666667
"Saudi Arabia","SA",2004,0.166666666666667
"Saudi Arabia","SA",2005,0.166666666666667
"Saudi Arabia","SA",2006,0.166666666666667
"Saudi Arabia","SA",2007,0.166666666666667
"Saudi Arabia","SA",2008,0.166666666666667
"Saudi Arabia","SA",2009,0.166666666666667
"Saudi Arabia","SA",2010,0.166666666666667
"Saudi Arabia","SA",2011,0.166666666666667
"Saudi Arabia","SA",2012,0.166666666666667
"Singapore","SG",1990,1
"Singapore","SG",1991,1
"Singapore","SG",1992,1
"Singapore","SG",1993,1
"Singapore","SG",1994,1
"Singapore","SG",1995,1
"Singapore","SG",1996,1
"Singapore","SG",1997,1
"Singapore","SG",1998,1
"Singapore","SG",1999,1
"Singapore","SG",2000,1
"Singapore","SG",2001,1
"Singapore","SG",2002,1
"Singapore","SG",2003,1
"Singapore","SG",2004,1
"Singapore","SG",2005,1
"Singapore","SG",2006,1
"Singapore","SG",2007,1
"Singapore","SG",2008,1
"Singapore","SG",2009,1
"Singapore","SG",2010,1
"Singapore","SG",2011,1
"Singapore","SG",2012,1
"Sint Maarten (Dutch part)","SX",1990,0
"Sint Maarten (Dutch part)","SX",1991,0
"Sint Maarten (Dutch part)","SX",1992,0
"Sint Maarten (Dutch part)","SX",1993,0
"Sint Maarten (Dutch part)","SX",1994,0
"Sint Maarten (Dutch part)","SX",1995,0
"Sint Maarten (Dutch part)","SX",1996,0
"Sint Maarten (Dutch part)","SX",1997,0
"Sint Maarten (Dutch part)","SX",1998,0
"Sint Maarten (Dutch part)","SX",1999,0
"Sint Maarten (Dutch part)","SX",2000,0
"Sint Maarten (Dutch part)","SX",2001,0
"Sint Maarten (Dutch part)","SX",2002,0
"Sint Maarten (Dutch part)","SX",2003,0
"Sint Maarten (Dutch part)","SX",2004,0
"Sint Maarten (Dutch part)","SX",2005,0
"Sint Maarten (Dutch part)","SX",2006,0
"Sint Maarten (Dutch part)","SX",2007,0
"Sint Maarten (Dutch part)","SX",2008,0
"Sint Maarten (Dutch part)","SX",2009,0
"Sint Maarten (Dutch part)","SX",2010,0
"Sint Maarten (Dutch part)","SX",2011,0
"Sint Maarten (Dutch part)","SX",2012,0
"Slovakia","SK",1990,0
"Slovakia","SK",1991,0
"Slovakia","SK",1992,0
"Slovakia","SK",1993,0.166666666666667
"Slovakia","SK",1994,0.166666666666667
"Slovakia","SK",1995,0.166666666666667
"Slovakia","SK",1996,0.166666666666667
"Slovakia","SK",1997,0.166666666666667
"Slovakia","SK",1998,0.166666666666667
"Slovakia","SK",1999,0.166666666666667
"Slovakia","SK",2000,0.166666666666667
"Slovakia","SK",2001,0.166666666666667
"Slovakia","SK",2002,0.166666666666667
"Slovakia","SK",2003,1
"Slovakia","SK",2004,1
"Slovakia","SK",2005,1
"Slovakia","SK",2006,1
"Slovakia","SK",2007,1
"Slovakia","SK",2008,1
"Slovakia","SK",2009,0.833333333333333
"Slovakia","SK",2010,0.833333333333333
"Slovakia","SK",2011,0.833333333333333
"Slovakia","SK",2012,0.833333333333333
"Slovenia","SI",1990,0
"Slovenia","SI",1991,0
"Slovenia","SI",1992,0
"Slovenia","SI",1993,0
"Slovenia","SI",1994,0
"Slovenia","SI",1995,1
"Slovenia","SI",1996,1
"Slovenia","SI",1997,1
"Slovenia","SI",1998,1
"Slovenia","SI",1999,1
"Slovenia","SI",2000,0.833333333333333
"Slovenia","SI",2001,0.833333333333333
"Slovenia","SI",2002,0.833333333333333
"Slovenia","SI",2003,0.833333333333333
"Slovenia","SI",2004,0.833333333333333
"Slovenia","SI",2005,0.833333333333333
"Slovenia","SI",2006,0.833333333333333
"Slovenia","SI",2007,0.833333333333333
"Slovenia","SI",2008,0.833333333333333
"Slovenia","SI",2009,0.833333333333333
"Slovenia","SI",2010,0.833333333333333
"Slovenia","SI",2011,0.833333333333333
"Slovenia","SI",2012,0.833333333333333
"South Africa","ZA",1990,0.166666666666667
"South Africa","ZA",1991,0
"South Africa","ZA",1992,0.166666666666667
"South Africa","ZA",1993,0.166666666666667
"South Africa","ZA",1994,0.166666666666667
"South Africa","ZA",1995,0.166666666666667
"South Africa","ZA",1996,0.166666666666667
"South Africa","ZA",1997,0.166666666666667
"South Africa","ZA",1998,0.166666666666667
"South Africa","ZA",1999,0.166666666666667
"South Africa","ZA",2000,1
"South Africa","ZA",2001,0.833333333333333
"South Africa","ZA",2002,0.833333333333333
"South Africa","ZA",2003,0.833333333333333
"South Africa","ZA",2004,0.833333333333333
"South Africa","ZA",2005,0.833333333333333
"South Africa","ZA",2006,0.833333333333333
"South Africa","ZA",2007,0.833333333333333
"South Africa","ZA",2008,0.833333333333333
"South Africa","ZA",2009,0.833333333333333
"South Africa","ZA",2010,0.833333333333333
"South Africa","ZA",2011,0.833333333333333
"South Africa","ZA",2012,0.833333333333333
"Spain","ES",1990,0.166666666666667
"Spain","ES",1991,0.166666666666667
"Spain","ES",1992,0.166666666666667
"Spain","ES",1993,0.166666666666667
"Spain","ES",1994,0.166666666666667
"Spain","ES",1995,1
"Spain","ES",1996,1
"Spain","ES",1997,1
"Spain","ES",1998,1
"Spain","ES",1999,1
"Spain","ES",2000,1
"Spain","ES",2001,1
"Spain","ES",2002,1
"Spain","ES",2003,1
"Spain","ES",2004,1
"Spain","ES",2005,1
"Spain","ES",2006,1
"Spain","ES",2007,1
"Spain","ES",2008,1
"Spain","ES",2009,1
"Spain","ES",2010,1
"Spain","ES",2011,1
"Spain","ES",2012,1
"Sweden","SE",1990,0.166666666666667
"Sweden","SE",1991,0.166666666666667
"Sweden","SE",1992,0.166666666666667
"Sweden","SE",1993,0.166666666666667
"Sweden","SE",1994,0.166666666666667
"Sweden","SE",1995,1
"Sweden","SE",1996,1
"Sweden","SE",1997,1
"Sweden","SE",1998,1
"Sweden","SE",1999,1
"Sweden","SE",2000,1
"Sweden","SE",2001,1
"Sweden","SE",2002,1
"Sweden","SE",2003,1
"Sweden","SE",2004,1
"Sweden","SE",2005,1
"Sweden","SE",2006,1
"Sweden","SE",2007,1
"Sweden","SE",2008,1
"Sweden","SE",2009,1
"Sweden","SE",2010,1
"Sweden","SE",2011,1
"Sweden","SE",2012,1
"Switzerland","CH",1990,0.166666666666667
"Switzerland","CH",1991,0.166666666666667
"Switzerland","CH",1992,0.166666666666667
"Switzerland","CH",1993,0.166666666666667
"Switzerland","CH",1994,0.166666666666667
"Switzerland","CH",1995,0.166666666666667
"Switzerland","CH",1996,0.166666666666667
"Switzerland","CH",1997,0.166666666666667
"Switzerland","CH",1998,0.166666666666667
"Switzerland","CH",1999,0.166666666666667
"Switzerland","CH",2000,0.166666666666667
"Switzerland","CH",2001,0.166666666666667
"Switzerland","CH",2002,1
"Switzerland","CH",2003,1
"Switzerland","CH",2004,1
"Switzerland","CH",2005,1
"Switzerland","CH",2006,1
"Switzerland","CH",2007,1
"Switzerland","CH",2008,1
"Switzerland","CH",2009,1
"Switzerland","CH",2010,1
"Switzerland","CH",2011,1
"Switzerland","CH",2012,0.166666666666667
"Trinidad and Tobago","TT",1990,0.166666666666667
"Trinidad and Tobago","TT",1991,0.166666666666667
"Trinidad and Tobago","TT",1992,0.166666666666667
"Trinidad and Tobago","TT",1993,1
"Trinidad and Tobago","TT",1994,1
"Trinidad and Tobago","TT",1995,1
"Trinidad and Tobago","TT",1996,0.166666666666667
"Trinidad and Tobago","TT",1997,0.166666666666667
"Trinidad and Tobago","TT",1998,0.166666666666667
"Trinidad and Tobago","TT",1999,0.166666666666667
"Trinidad and Tobago","TT",2000,0.166666666666667
"Trinidad and Tobago","TT",2001,0.833333333333333
"Trinidad and Tobago","TT",2002,0.833333333333333
"Trinidad and Tobago","TT",2003,0.833333333333333
"Trinidad and Tobago","TT",2004,0.833333333333333
"Trinidad and Tobago","TT",2005,0.833333333333333
"Trinidad and Tobago","TT",2006,1
"Trinidad and Tobago","TT",2007,1
"Trinidad and Tobago","TT",2008,0.833333333333333
"Trinidad and Tobago","TT",2009,0.833333333333333
"Trinidad and Tobago","TT",2010,0.833333333333333
"Trinidad and Tobago","TT",2011,0.166666666666667
"Trinidad and Tobago","TT",2012,0.166666666666667
"Turkey","TR",1990,0.166666666666667
"Turkey","TR",1991,0.166666666666667
"Turkey","TR",1992,0.166666666666667
"Turkey","TR",1993,0.166666666666667
"Turkey","TR",1994,0.166666666666667
"Turkey","TR",1995,0.166666666666667
"Turkey","TR",1996,0.166666666666667
"Turkey","TR",1997,0.166666666666667
"Turkey","TR",1998,0.166666666666667
"Turkey","TR",1999,0.166666666666667
"Turkey","TR",2000,0.166666666666667
"Turkey","TR",2001,0.166666666666667
"Turkey","TR",2002,0.166666666666667
"Turkey","TR",2003,0.166666666666667
"Turkey","TR",2004,0.166666666666667
"Turkey","TR",2005,0.166666666666667
"Turkey","TR",2006,0.166666666666667
"Turkey","TR",2007,0.166666666666667
"Turkey","TR",2008,1
"Turkey","TR",2009,1
"Turkey","TR",2010,1
"Turkey","TR",2011,1
"Turkey","TR",2012,1
"Turks and Caicos Islands","TC",1990,0
"Turks and Caicos Islands","TC",1991,0
"Turks and Caicos Islands","TC",1992,0
"Turks and Caicos Islands","TC",1993,0
"Turks and Caicos Islands","TC",1994,0
"Turks and Caicos Islands","TC",1995,0
"Turks and Caicos Islands","TC",1996,0
"Turks and Caicos Islands","TC",1997,0
"Turks and Caicos Islands","TC",1998,0
"Turks and Caicos Islands","TC",1999,0
"Turks and Caicos Islands","TC",2000,0
"Turks and Caicos Islands","TC",2001,0
"Turks and Caicos Islands","TC",2002,0
"Turks and Caicos Islands","TC",2003,0
"Turks and Caicos Islands","TC",2004,0
"Turks and Caicos Islands","TC",2005,0
"Turks and Caicos Islands","TC",2006,0
"Turks and Caicos Islands","TC",2007,0
"Turks and Caicos Islands","TC",2008,0
"Turks and Caicos Islands","TC",2009,0
"Turks and Caicos Islands","TC",2010,0
"Turks and Caicos Islands","TC",2011,0
"Turks and Caicos Islands","TC",2012,0
"Ukraine","UA",1990,0
"Ukraine","UA",1991,0
"Ukraine","UA",1992,0.166666666666667
"Ukraine","UA",1993,0.166666666666667
"Ukraine","UA",1994,0.166666666666667
"Ukraine","UA",1995,0.166666666666667
"Ukraine","UA",1996,0.166666666666667
"Ukraine","UA",1997,0.166666666666667
"Ukraine","UA",1998,0.166666666666667
"Ukraine","UA",1999,1
"Ukraine","UA",2000,1
"Ukraine","UA",2001,0.833333333333333
"Ukraine","UA",2002,0.833333333333333
"Ukraine","UA",2003,0.833333333333333
"Ukraine","UA",2004,0.833333333333333
"Ukraine","UA",2005,0.833333333333333
"Ukraine","UA",2006,0.833333333333333
"Ukraine","UA",2007,0.833333333333333
"Ukraine","UA",2008,1
"Ukraine","UA",2009,1
"Ukraine","UA",2010,1
"Ukraine","UA",2011,1
"Ukraine","UA",2012,1
"United Arab Emirates","AE",1990,0.166666666666667
"United Arab Emirates","AE",1991,0.166666666666667
"United Arab Emirates","AE",1992,0.166666666666667
"United Arab Emirates","AE",1993,0.166666666666667
"United Arab Emirates","AE",1994,0.166666666666667
"United Arab Emirates","AE",1995,0.166666666666667
"United Arab Emirates","AE",1996,0.166666666666667
"United Arab Emirates","AE",1997,0.166666666666667
"United Arab Emirates","AE",1998,0.166666666666667
"United Arab Emirates","AE",1999,0.166666666666667
"United Arab Emirates","AE",2000,0.166666666666667
"United Arab Emirates","AE",2001,0.166666666666667
"United Arab Emirates","AE",2002,0.166666666666667
"United Arab Emirates","AE",2003,0.166666666666667
"United Arab Emirates","AE",2004,0.166666666666667
"United Arab Emirates","AE",2005,0.166666666666667
"United Arab Emirates","AE",2006,0.166666666666667
"United Arab Emirates","AE",2007,0.166666666666667
"United Arab Emirates","AE",2008,0.166666666666667
"United Arab Emirates","AE",2009,0.166666666666667
"United Arab Emirates","AE",2010,0.166666666666667
"United Arab Emirates","AE",2011,0.833333333333333
"United Arab Emirates","AE",2012,0.833333333333333
"United Kingdom","GB",1990,0.166666666666667
"United Kingdom","GB",1991,0.166666666666667
"United Kingdom","GB",1992,0.166666666666667
"United Kingdom","GB",1993,0.166666666666667
"United Kingdom","GB",1994,0.166666666666667
"United Kingdom","GB",1995,1
"United Kingdom","GB",1996,1
"United Kingdom","GB",1997,1
"United Kingdom","GB",1998,1
"United Kingdom","GB",1999,1
"United Kingdom","GB",2000,1
"United Kingdom","GB",2001,1
"United Kingdom","GB",2002,1
"United Kingdom","GB",2003,1
"United Kingdom","GB",2004,1
"United Kingdom","GB",2005,1
"United Kingdom","GB",2006,1
"United Kingdom","GB",2007,1
"United Kingdom","GB",2008,1
"United Kingdom","GB",2009,1
"United Kingdom","GB",2010,1
"United Kingdom","GB",2011,1
"United Kingdom","GB",2012,1
"United States","US",1990,0.166666666666667
"United States","US",1991,0.166666666666667
"United States","US",1992,0.166666666666667
"United States","US",1993,0.166666666666667
"United States","US",1994,0.166666666666667
"United States","US",1995,0.166666666666667
"United States","US",1996,0.166666666666667
"United States","US",1997,0.166666666666667
"United States","US",1998,0.166666666666667
"United States","US",1999,0.166666666666667
"United States","US",2000,0.166666666666667
"United States","US",2001,1
"United States","US",2002,1
"United States","US",2003,1
"United States","US",2004,1
"United States","US",2005,1
"United States","US",2006,1
"United States","US",2007,1
"United States","US",2008,1
"United States","US",2009,1
"United States","US",2010,1
"United States","US",2011,1
"United States","US",2012,1
"Venezuela, Bolivarian Republic of","VE",1990,0.833333333333333
"Venezuela, Bolivarian Republic of","VE",1991,0.833333333333333
"Venezuela, Bolivarian Republic of","VE",1992,0.833333333333333
"Venezuela, Bolivarian Republic of","VE",1993,0.833333333333333
"Venezuela, Bolivarian Republic of","VE",1994,0.833333333333333
"Venezuela, Bolivarian Republic of","VE",1995,0.833333333333333
"Venezuela, Bolivarian Republic of","VE",1996,0.833333333333333
"Venezuela, Bolivarian Republic of","VE",1997,0.833333333333333
"Venezuela, Bolivarian Republic of","VE",1998,0.833333333333333
"Venezuela, Bolivarian Republic of","VE",1999,0.833333333333333
"Venezuela, Bolivarian Republic of","VE",2000,0.833333333333333
"Venezuela, Bolivarian Republic of","VE",2001,0.833333333333333
"Venezuela, Bolivarian Republic of","VE",2002,0.833333333333333
"Venezuela, Bolivarian Republic of","VE",2003,0.833333333333333
"Venezuela, Bolivarian Republic of","VE",2004,0.833333333333333
"Venezuela, Bolivarian Republic of","VE",2005,0.833333333333333
"Venezuela, Bolivarian Republic of","VE",2006,0.166666666666667
"Venezuela, Bolivarian Republic of","VE",2007,0.166666666666667
"Venezuela, Bolivarian Republic of","VE",2008,0.166666666666667
"Venezuela, Bolivarian Republic of","VE",2009,0.166666666666667
"Venezuela, Bolivarian Republic of","VE",2010,0.166666666666667
"Venezuela, Bolivarian Republic of","VE",2011,0.166666666666667
"Venezuela, Bolivarian Republic of","VE",2012,0.166666666666667
"Virgin Islands, U.S.","VI",1990,0
"Virgin Islands, U.S.","VI",1991,0
"Virgin Islands, U.S.","VI",1992,0
"Virgin Islands, U.S.","VI",1993,0
"Virgin Islands, U.S.","VI",1994,0
"Virgin Islands, U.S.","VI",1995,0
"Virgin Islands, U.S.","VI",1996,0
"Virgin Islands, U.S.","VI",1997,0
"Virgin Islands, U.S.","VI",1998,0
"Virgin Islands, U.S.","VI",1999,0
"Virgin Islands, U.S.","VI",2000,0
"Virgin Islands, U.S.","VI",2001,0
"Virgin Islands, U.S.","VI",2002,0
"Virgin Islands, U.S.","VI",2003,0
"Virgin Islands, U.S.","VI",2004,0
"Virgin Islands, U.S.","VI",2005,0
"Virgin Islands, U.S.","VI",2006,0
"Virgin Islands, U.S.","VI",2007,0
"Virgin Islands, U.S.","VI",2008,0
"Virgin Islands, U.S.","VI",2009,0
"Virgin Islands, U.S.","VI",2010,0
"Virgin Islands, U.S.","VI",2011,0
"Virgin Islands, U.S.","VI",2012,0
